ROI,R_v1,p_v1,R_v2,p_v2
"A. Patient #1 naPPA, BA8",-0.7594284231858858,1.228492799369106e-07,-0.8680743660041381,1.4464350387505051e-11
"B. Patient #2 naPPA, BA8",-0.651710655079963,2.2272340302578735e-05,-0.9673954748613367,2.9596497717617367e-21
"C. Patient #3 naPPA, BA8",-0.8554978797884196,5.891927732651881e-11,-0.7656996741894092,8.362575197863059e-08
"D. Patient #4 naPPA, BA8",-0.7650729743870863,8.69483747294398e-08,-0.8854775573655054,1.6032712372496773e-12
"E. Patient #5 svPPA, BA20",-0.5394768283340952,0.000824790688155544,-0.8482328180951633,1.2504927116245175e-10
"F. Patient #6 HC, BA8",-0.9647889898608497,1.032644986666688e-20,-0.9731751591864944,1.2348313222310192e-22
"G. Patient #6 HC, BA20",-0.9520056859595221,1.5561424380457424e-18,-0.9672056061787975,3.252649997200636e-21
