ROI,R_v1,R_v2
"A. Patient #1 naPPA, BA8",-0.7594284231858857,-0.868074366004138
"B. Patient #2 naPPA, BA8",-0.6517106550799627,-0.9673954748613364
"C. Patient #3 naPPA, BA8",-0.8554978797884195,-0.7656996741894093
"D. Patient #4 naPPA, BA8",-0.7650729743870862,-0.885477557365505
"E. Patient #5 svPPA, BA20",-0.539476828334095,-0.848232818095163
"F. Patient #6 HC, BA8",-0.9647889898608494,-0.9731751591864948
"G. Patient #6 HC, BA20",-0.9520056859595221,-0.9672056061787977
